,,,±ê×¼,ME,,
06/08/2018,1,08:57,46.958984,46.958507504456,4.76495543956901E-4,
06/08/2018,2,09:04,48.223419,48.2235329199936,-1.13919993644629E-4,
06/08/2018,3,09:10,49.493011,49.4933416925364,-3.30692536358868E-4,
06/08/2018,4,09:19,51.018745,51.0199091122448,-0.00116411224477986,
06/08/2018,5,09:25,52.30014,52.3006182329223,-4.78232922255017E-4,
06/08/2018,6,09:36,54.281193,54.2829928119393,-0.00179981193930701,
06/08/2018,7,09:49,56.843277,56.8452004245861,-0.00192342458613126,
06/08/2018,8,10:05,59.896278,59.8982695422973,-0.00199154229731136,
06/08/2018,9,10:08,60.306396,60.3088061397324,-0.00241013973238324,
06/08/2018,10,10:23,63.267834,63.2707955654861,-0.00296156548609616,
06/08/2018,11,10:29,64.478279,64.4813330589785,-0.00305405897846356,
06/08/2018,12,10:36,65.726036,65.7296273803077,-0.0035913803077392,
06/08/2018,13,10:45,67.532967,67.5366622418092,-0.00369524180919711,
06/08/2018,14,10:47,67.907661,67.9117093632444,-0.00404836324442215,
06/08/2018,15,10:55,69.374931,69.378566938888,-0.00363593888798164,
06/08/2018,16,11:01,70.588531,70.5923601543031,-0.00382915430311925,
06/08/2018,17,11:03,70.948814,70.9531889814315,-0.00437498143148218,
06/08/2018,18,11:12,72.54454,72.5486927599697,-0.00415275996972753,
06/08/2018,19,11:17,73.618561,73.6230216270224,-0.00446062702243921,
06/08/2018,20,11:19,73.998657,74.0035769553414,-0.00491995534143541,
06/08/2018,21,11:21,74.362877,74.3680615026577,-0.0051845026576558,
06/08/2018,22,11:25,75.031631,75.0364055634777,-0.00477456347773852,
06/08/2018,23,11:29,75.804886,75.8098375810163,-0.00495158101632853,
06/08/2018,24,11:38,77.491615,77.4972074183817,-0.0055924183817524,
06/08/2018,25,11:46,78.955673,78.9608102815586,-0.0051372815586177,
06/08/2018,26,11:50,79.788223,79.7939137295617,-0.00569072956172079,
06/08/2018,27,11:55,80.666817,80.6726885064286,-0.00587150642863321,
06/08/2018,28,11:59,81.404236,81.4099211162155,-0.00568511621554535,
06/08/2018,29,12:03,82.032265,82.0374557645629,-0.00519076456291145,
06/08/2018,30,23:35,81.64373,81.641830546066,0.00189945393402979,
06/08/2018,31,23:39,81.026718,81.0252938905527,0.00142410944725668,
06/08/2018,32,23:43,80.288559,80.2868514778282,0.00170752217177039,
06/08/2018,33,23:48,79.408684,79.4068519561381,0.00183204386192415,
06/08/2018,34,23:53,78.358131,78.3560413003098,0.00208969969020245,
06/08/2018,35,23:59,77.215439,77.2136121913896,0.00182680861043139,
07/08/2018,36,00:01,76.844894,76.8431548231531,0.00173917684689684,
07/08/2018,37,00:09,75.43129,75.4287619392524,0.00252806074759349,
07/08/2018,38,00:18,73.70916,73.7067838721966,0.00237612780335894,
07/08/2018,39,00:20,73.341827,73.3388232229201,0.00300377707992538,
07/08/2018,40,00:23,72.815918,72.8130717677645,0.00284623223548408,
07/08/2018,41,00:29,71.712433,71.7092788197843,0.00315418021573066,
07/08/2018,42,00:35,70.454674,70.4513009035582,0.00337309644176287,
07/08/2018,43,00:44,68.883972,68.8800714017701,0.0039005982298761,
07/08/2018,44,00:49,67.820999,67.8170753887356,0.00392361126435503,
07/08/2018,45,00:52,67.309334,67.3057859381176,0.00354806188244083,
07/08/2018,46,00:58,66.051003,66.0472872765491,0.00371572345085269,
07/08/2018,47,01:02,65.313644,65.309516150271,0.0041278497290449,
07/08/2018,48,01:15,62.908806,62.9042400611742,0.00456593882576328,
07/08/2018,49,01:21,61.662437,61.6571232121492,0.00531378785082381,
07/08/2018,50,01:30,59.948982,59.9434794551459,0.00550254485411017,
07/08/2018,51,01:43,57.470432,57.4651437474597,0.00528825254034615,
07/08/2018,52,01:59,54.438026,54.4318724702626,0.00615352973740357,
07/08/2018,53,02:02,53.928558,53.9219662362547,0.00659176374534098,
07/08/2018,54,02:19,50.848236,50.8409921102514,0.00724388974857249,
07/08/2018,55,02:25,49.558983,49.5516827987481,0.00730020125192965,
07/08/2018,56,02:34,48.061073,48.0541982062264,0.00687479377356937,
07/08/2018,57,02:40,46.786659,46.7788884220264,0.00777057797360214,
07/08/2018,58,02:49,45.312008,45.3042333400828,0.00777465991721726,
07/08/2018,59,02:57,43.87006,43.8624807040472,0.0075792959528016,
07/08/2018,60,03:04,42.620171,42.6119121144545,0.00825888554550147,
07/08/2018,61,03:10,41.395973,41.3873368053883,0.00863619461173215,
07/08/2018,62,03:19,39.987694,39.9795201248728,0.00817387512722689,
07/08/2018,63,03:25,38.802662,38.7939295655347,0.00873243446532967,
07/08/2018,64,03:34,37.442059,37.4334090557333,0.0086499442666863,
07/08/2018,65,03:40,36.301865,36.2932178156414,0.00864718435860112,
07/08/2018,66,03:49,35.001614,34.9921794260017,0.00943457399829128,
07/08/2018,67,03:58,33.457748,33.4485840282945,0.00916397170552585,
07/08/2018,68,04:05,32.479355,32.4698051981621,0.00954980183785636,
07/08/2018,69,04:14,31.114346,31.1050328790525,0.00931312094754233,
07/08/2018,70,04:19,30.546577,30.5370715046843,0.00950549531574296,
07/08/2018,71,04:34,28.605694,28.5955680398007,0.0101259601992538,
07/08/2018,72,04:40,27.791557,27.7816271716364,0.00992982836361378,
07/08/2018,73,04:49,26.910595,26.9010217956272,0.00957320437279918,
07/08/2018,74,04:58,25.958481,25.9490576463473,0.00942335365271418,
07/08/2018,75,05:05,25.409904,25.4006137643382,0.00929023566179765,
07/08/2018,76,05:14,24.734703,24.7251973547968,0.00950564520322317,
07/08/2018,77,05:19,24.490662,24.4809599427251,0.00970205727493578,
07/08/2018,78,05:40,23.721939,23.7127096128176,0.00922938718236566,
07/08/2018,79,05:49,23.663765,23.6553782553836,0.00838674461639144,
07/08/2018,80,05:58,23.779854,23.7716029732419,0.00825102675806022,
07/08/2018,81,06:05,23.961159,23.9533413846908,0.00781761530919667,
07/08/2018,82,06:14,24.372025,24.3643366307674,0.00768836923261773,
07/08/2018,83,06:19,24.598503,24.5918176137554,0.00668538624459103,
07/08/2018,84,06:34,25.677116,25.6708067332608,0.00630926673924037,
07/08/2018,85,06:40,26.297291,26.2915712276372,0.00571977236283772,
07/08/2018,86,06:49,27.108284,27.1024626208077,0.00582137919231585,
07/08/2018,87,06:58,28.216171,28.211672961641,0.00449803835897811,
07/08/2018,88,07:05,29.007751,29.0026913049491,0.00505969505094583,
07/08/2018,89,07:14,30.242584,30.238604103248,0.00397989675202126,
07/08/2018,90,07:19,30.800316,30.7963860372941,0.00392996270594281,
07/08/2018,91,07:34,32.971272,32.9677258781526,0.0035461218474353,
07/08/2018,92,07:40,34.024361,34.021286594234,0.00307440576597884,
07/08/2018,93,07:49,35.299038,35.2967490815841,0.00228891841591405,
07/08/2018,94,07:58,36.905231,36.9030276169519,0.00220338304808365,
07/08/2018,95,08:05,37.990372,37.9887239112084,0.00164808879162592,
07/08/2018,96,08:14,39.606319,39.6046449306584,0.00167406934156844,
07/08/2018,97,08:19,40.312023,40.3101241883444,0.00189881165562866,
07/08/2018,98,08:34,42.947853,42.9473734108786,4.79589121361812E-4,
07/08/2018,99,08:40,44.18832,44.1872815556858,0.00103844431421862,
07/08/2018,100,08:49,45.655003,45.654684241096,3.1875890399391E-4,
07/08/2018,101,08:56,47.105717,47.1060629776116,-3.45977611594606E-4,
07/08/2018,102,09:04,48.406334,48.4061649285604,1.69071439628965E-4,
07/08/2018,103,09:10,49.689735,49.6899829316092,-2.47931609223429E-4,
07/08/2018,104,09:19,51.198563,51.1994542231113,-8.91223111295858E-4,
07/08/2018,105,09:57,58.386078,58.3880250043383,-0.00194700433833361,
07/08/2018,106,10:07,60.31863,60.3208318287967,-0.00220182879670006,
07/08/2018,107,10:19,62.76004,62.7630180455282,-0.00297804552821646,
07/08/2018,108,10:22,63.282688,63.2854680625454,-0.00278006254544749,
07/08/2018,109,10:35,65.690071,65.6935621844287,-0.00349118442865404,
07/08/2018,110,10:41,66.966194,66.9699463306038,-0.00375233060384517,
07/08/2018,111,10:45,67.688423,67.6919678589336,-0.00354485893363687,
07/08/2018,112,10:54,69.384117,69.3884245191549,-0.00430751915493488,
07/08/2018,113,11:00,70.5793,70.5839171582808,-0.00461715828079434,
07/08/2018,114,11:02,70.950134,70.9544914399506,-0.00435743995060989,
07/08/2018,115,11:10,72.476837,72.4817394956827,-0.00490249568269974,
07/08/2018,116,11:16,73.542618,73.5477161372048,-0.0050981372047687,
07/08/2018,117,11:18,73.908173,73.9129617614348,-0.00478876143478146,
07/08/2018,118,11:20,74.275932,74.2810280957879,-0.00509609578786296,
07/08/2018,119,11:24,75.036736,75.0412240352917,-0.00448803529168629,
07/08/2018,120,11:28,75.816414,75.8217464084633,-0.00533240846331751,
07/08/2018,121,11:37,77.449631,77.4550154841816,-0.00538448418163284,
07/08/2018,122,11:45,78.96125,78.9672641358408,-0.00601413584081456,
07/08/2018,123,11:49,79.795578,79.8015520526495,-0.0059740526494636,
07/08/2018,124,11:54,80.672806,80.6785701163003,-0.00576411630035523,
07/08/2018,125,11:58,81.411377,81.416967600767,-0.00559060076702167,
07/08/2018,126,12:02,82.042519,82.0485750364435,-0.00605603644346786,
07/08/2018,127,23:36,81.651215,81.649169260244,0.00204573975604205,
07/08/2018,128,23:40,81.021111,81.0194075998296,0.00170340017038484,
07/08/2018,129,23:44,80.284386,80.2828675658667,0.00151843413328834,
07/08/2018,130,23:49,79.384514,79.3830240975931,0.00148990240688818,
07/08/2018,131,23:54,78.354233,78.3523675657054,0.00186543429462915,
08/08/2018,132,00:01,77.154366,77.1523901338305,0.00197586616954482,
08/08/2018,133,00:03,76.780632,76.7782901504567,0.00234184954329919,
08/08/2018,134,00:11,75.192169,75.1896685352311,0.00250046476895704,
08/08/2018,135,00:20,73.452499,73.4492113025999,0.00328769740013968,
08/08/2018,136,00:22,73.083862,73.0807127676872,0.00314923231280773,
08/08/2018,137,00:24,72.71492,72.7119199841005,0.00300001589948806,
08/08/2018,138,00:29,71.708313,71.7050147753533,0.00329822464667018,
08/08/2018,139,00:36,70.449684,70.4461975241156,0.0034864758844293,
08/08/2018,140,00:44,68.903168,68.8995043032386,0.00366369676135037,
08/08/2018,141,00:50,67.830475,67.8265668363435,0.00390816365651858,
08/08/2018,142,00:53,67.309219,67.3055778971504,0.0036411028496417,
08/08/2018,143,00:59,66.006577,66.0022422742659,0.00433472573411109,
08/08/2018,144,01:03,65.313072,65.3088773965117,0.00419460348830114,
08/08/2018,145,01:16,62.901909,62.8972410662199,0.00466793378014074,
08/08/2018,146,01:22,61.617279,61.6122044083087,0.00507459169129021,
08/08/2018,147,01:31,59.945663,59.9405051153469,0.00515788465315126,
08/08/2018,148,01:44,57.428425,57.4224948572415,0.00593014275849413,
08/08/2018,149,02:00,54.398396,54.3923688216096,0.00602717839035449,
08/08/2018,150,02:03,53.927208,53.9208269991297,0.00638100087026316,
08/08/2018,151,02:18,51.019222,51.012404048751,0.00681795124904028,
08/08/2018,152,02:24,49.898861,49.8917535323857,0.00710746761426861,
08/08/2018,153,02:33,48.235962,48.229064925409,0.00689707459095246,
08/08/2018,154,02:39,47.130653,47.1234695001588,0.007183499841247,
08/08/2018,155,03:03,42.80167,42.7934702999381,0.00819970006189408,
08/08/2018,156,04:03,32.903412,32.8945142677176,0.0088977322823709,
08/08/2018,157,04:10,31.916615,31.9067519101968,0.00986308980318995,
08/08/2018,158,04:18,30.772263,30.7627085793447,0.00955442065531642,
08/08/2018,159,04:22,30.358032,30.3479465475234,0.0100854524766021,
08/08/2018,160,04:33,28.842941,28.8331482045272,0.0097927954727588,
08/08/2018,161,04:36,28.483223,28.4737835297732,0.00943947022676284,
08/08/2018,162,04:48,27.161816,27.1525483420685,0.0092676579314741,
08/08/2018,163,04:55,26.479252,26.4692480441849,0.0100039558151472,
08/08/2018,164,05:03,25.786606,25.7769865183518,0.00961948164823667,
08/08/2018,165,05:06,25.549904,25.5398224667729,0.010081533227055,
08/08/2018,166,05:18,24.761276,24.7514342326563,0.00984176734369058,
08/08/2018,167,05:21,24.602707,24.5935579143563,0.00914908564367423,
08/08/2018,168,05:33,24.13781,24.1292920324428,0.00851796755721068,
08/08/2018,169,05:36,24.06385,24.0548950744017,0.00895492559829947,
08/08/2018,170,05:48,23.945412,23.9370080083022,0.00840399169775807,
08/08/2018,171,05:55,24.00695,23.9990911052906,0.00785889470942536,
08/08/2018,172,06:03,24.194977,24.1868510030656,0.00812599693437477,
08/08/2018,173,06:06,24.298347,24.290950953114,0.00739604688599371,
08/08/2018,174,06:18,24.871986,24.8653824660032,0.00660353399680247,
08/08/2018,175,06:21,25.057854,25.0508695518511,0.00698444814891985,
08/08/2018,176,06:33,25.944679,25.9383412192523,0.00633778074773517,
08/08/2018,177,06:36,26.20425,26.1977015813437,0.00654841865633315,
08/08/2018,178,06:48,27.36599,27.3601361968876,0.0058538031123696,
08/08/2018,179,06:55,28.130356,28.1251802603544,0.00517573964556561,
08/08/2018,180,07:03,29.075706,29.071346228655,0.00435977134504739,
08/08/2018,181,07:06,29.451969,29.4472751438694,0.00469385613062201,
08/08/2018,182,07:18,31.034748,31.0306217220121,0.00412627798793608,
08/08/2018,183,07:21,31.454521,31.4500758668188,0.00444513318115725,
08/08/2018,184,07:35,33.422855,33.4196445491261,0.00321045087386551,
08/08/2018,185,07:47,35.355236,35.3526629149012,0.00257308509875998,
08/08/2018,186,07:49,35.666382,35.6632266880908,0.00315531190921092,
08/08/2018,187,08:03,37.959953,37.9578462909078,0.00210670909222443,
08/08/2018,188,08:06,38.463165,38.4607406337231,0.00242436627692655,
08/08/2018,189,08:18,40.508713,40.5070389695076,0.00167403049240988,
08/08/2018,190,08:21,41.034916,41.0337034360048,0.00121256399521741,
08/08/2018,191,08:33,43.141754,43.1412327232614,5.21276738574272E-4,
08/08/2018,192,08:36,43.680153,43.6793542181151,7.98781884945754E-4,
08/08/2018,193,08:48,45.84687,45.8466155777533,2.544222466625E-4,
08/08/2018,194,08:56,47.301739,47.3018948670814,-1.5586708137505E-4,
08/08/2018,195,09:03,48.590916,48.5910332966265,-1.17296626505947E-4,
08/08/2018,196,09:06,49.148819,49.1493039186055,-4.84918605508256E-4,
08/08/2018,197,09:18,51.379929,51.3811198239538,-0.00119082395375614,
08/08/2018,198,09:21,51.94521,51.9461361368558,-9.26136855802895E-4,
08/08/2018,199,09:57,58.604031,58.6060864882089,-0.00205548820891721,
08/08/2018,200,09:58,58.956043,58.9585388532246,-0.00249585322459467,
08/08/2018,201,10:00,59.3409,59.3429193850129,-0.00201938501294308,
08/08/2018,202,10:04,60.004494,60.0072383235886,-0.00274432358862242,
08/08/2018,203,10:06,60.37685,60.3793212706487,-0.00247127064871933,
08/08/2018,204,10:21,63.28986,63.2923725065934,-0.00251250659336222,
08/08/2018,205,10:25,64.098297,64.1015254130568,-0.00322841305680299,
08/08/2018,206,10:34,65.700493,65.7037490340294,-0.00325603402941965,
08/08/2018,207,10:38,66.582504,66.5857268314947,-0.00322283149466784,
08/08/2018,208,10:44,67.702209,67.7058360799236,-0.00362707992364619,
08/08/2018,209,10:48,68.490295,68.494396518093,-0.00410151809302306,
08/08/2018,210,10:53,69.389175,69.3934733035867,-0.00429830358673655,
08/08/2018,211,10:57,70.214325,70.2186201067733,-0.00429510677329858,
08/08/2018,212,11:02,71.070168,71.0744900467269,-0.0043220467269407,
08/08/2018,213,11:10,72.65789,72.6625338215745,-0.00464382157451837,
08/08/2018,214,11:16,73.717934,73.7226939649376,-0.00475996493761954,
08/08/2018,215,11:18,74.083687,74.0881223891329,-0.00443538913287966,
08/08/2018,216,11:20,74.454735,74.4595244568324,-0.0047894568324125,
08/08/2018,217,11:23,75.046097,75.0505339612055,-0.0044369612054993,
08/08/2018,218,11:27,75.823463,75.8287288058516,-0.00526580585155045,
08/08/2018,219,11:36,77.471214,77.476343415465,-0.00512941546500656,
08/08/2018,220,11:40,78.317909,78.3231032110989,-0.00519421109889606,
08/08/2018,221,11:43,78.755257,78.760969327285,-0.00571232728495374,
08/08/2018,222,11:49,79.903519,79.9092196059745,-0.00570060597448219,
08/08/2018,223,11:53,80.680008,80.6856456998267,-0.00563769982669271,
08/08/2018,224,11:57,81.416992,81.422129514152,-0.00513751415202535,
08/08/2018,225,12:01,82.052162,82.0578181980652,-0.00565619806518214,
08/08/2018,226,23:37,81.64946,81.647949998353,0.00151000164697734,
08/08/2018,227,23:41,81.019119,81.0171731903109,0.00194580968910429,
08/08/2018,228,23:45,80.256187,80.2548559868494,0.00133101315064721,
08/08/2018,229,23:49,79.407928,79.4061598871426,0.00176811285736278,
08/08/2018,230,23:53,78.636948,78.6349286521582,0.00201934784179514,
08/08/2018,231,23:55,78.26741,78.2654884211143,0.00192157888572808,
09/08/2018,232,00:02,77.056419,77.0542742325234,0.00214476747662218,
09/08/2018,233,00:06,76.206947,76.2044068972071,0.00254010279286376,
09/08/2018,234,00:11,75.351402,75.3492204280648,0.00218157193518209,
09/08/2018,235,00:20,73.642303,73.639326540549,0.00297645945101976,
09/08/2018,236,00:22,73.273506,73.2706734200296,0.00283257997040209,
09/08/2018,237,00:24,72.809753,72.8070859548545,0.00266704514545779,
09/08/2018,238,00:28,72.052307,72.0492949168399,0.00301208316005841,
09/08/2018,239,00:30,71.68235,71.679488583826,0.00286141617402791,
09/08/2018,240,00:37,70.451904,70.4483438149689,0.00356018503107691,
09/08/2018,241,00:45,68.895218,68.8913665428133,0.0038514571866699,
09/08/2018,242,00:51,67.815826,67.8116678855576,0.0041581144423759,
09/08/2018,243,00:53,67.307755,67.3032324757588,0.00452252424118171,
09/08/2018,244,00:57,66.534912,66.5307156896904,0.00419631030962364,
09/08/2018,245,01:04,65.306877,65.3030032896615,0.00387371033846762,
09/08/2018,246,01:08,64.435638,64.4312805937235,0.00435740627646908,
09/08/2018,247,01:16,62.899445,62.8946676573601,0.00477734263992602,
09/08/2018,248,01:20,62.145493,62.1409087359024,0.00458426409761614,
09/08/2018,249,01:43,57.766888,57.7611476988649,0.00574030113513402,
09/08/2018,250,01:57,55.115299,55.1094233357418,0.00587566425817698,
09/08/2018,251,02:04,53.924484,53.9183737569978,0.0061102430021549,
09/08/2018,252,02:14,51.917324,51.9105728763107,0.00675112368932673,
09/08/2018,253,02:19,51.068279,51.061116773,0.00716222700004465,
09/08/2018,254,02:28,49.313419,49.3065597337961,0.00685926620386823,
09/08/2018,255,02:33,48.418983,48.4117831385648,0.00719986143519691,
09/08/2018,256,02:37,47.656609,47.6495772885131,0.00703171148687431,
09/08/2018,257,02:48,45.675209,45.6675307961507,0.00767820384930218,
09/08/2018,258,02:56,44.241646,44.2342094316516,0.00743656834843165,
09/08/2018,259,03:03,42.994087,42.9859124119413,0.00817458805865812,
09/08/2018,260,03:07,42.265308,42.2574063491843,0.00790165081572525,
09/08/2018,261,03:18,40.377693,40.3692317449066,0.0084612550933798,
09/08/2018,262,03:22,39.671104,39.6623915902871,0.00871240971285658,
09/08/2018,263,03:33,37.84391,37.8353629975305,0.00854700246950557,
09/08/2018,264,03:37,37.167542,37.1584703671482,0.00907163285175727,
09/08/2018,265,03:48,35.418324,35.4089770552746,0.00934694472537956,
09/08/2018,266,03:56,34.163197,34.1539647674164,0.00923223258358519,
09/08/2018,267,04:03,33.133247,33.1241592232037,0.00908777679628514,
09/08/2018,268,04:07,32.52779,32.5184089705054,0.00938102949456976,
09/08/2018,269,04:18,31.007561,30.9981614657407,0.00939953425926987,
09/08/2018,270,04:22,30.459106,30.4494747711187,0.00963122888128964,
09/08/2018,271,04:33,29.090004,29.080000089381,0.0100039106189556,
09/08/2018,272,04:48,27.420338,27.4109122010465,0.00942579895347961,
09/08/2018,273,04:56,26.640957,26.6310160439936,0.00994095600643874,
09/08/2018,274,05:22,24.828461,24.819722191993,0.00873880800700633,
09/08/2018,275,05:33,24.421776,24.4131826067635,0.0085933932364739,
09/08/2018,276,05:37,24.325615,24.3168607843095,0.00875421569050161,
09/08/2018,277,05:48,24.231354,24.2229075169793,0.00844648302072315,
09/08/2018,278,05:56,24.310844,24.3033557884031,0.00748821159687552,
09/08/2018,279,06:03,24.479073,24.4709773415279,0.00809565847210081,
09/08/2018,280,06:07,24.622147,24.6150929606937,0.00705403930626858,
09/08/2018,281,06:18,25.150551,25.1438713000206,0.00667969997939366,
09/08/2018,282,06:22,25.406685,25.3998869798415,0.00679802015847386,
09/08/2018,283,06:33,26.214527,26.2082564575212,0.00627054247884118,
09/08/2018,284,06:37,26.56929,26.5628903349774,0.00639966502256684,
09/08/2018,285,06:48,27.625504,27.6196844417826,0.00581955821738944,
09/08/2018,286,06:56,28.513695,28.5085981175876,0.00509688241242401,
09/08/2018,287,07:03,29.324284,29.3198539242699,0.00443007573005616,
09/08/2018,288,07:07,29.838867,29.8343068789803,0.00456012101975034,
09/08/2018,289,07:18,31.272141,31.2681735411688,0.00396745883124439,
09/08/2018,290,07:22,31.846012,31.841945642101,0.00406635789899212,
09/08/2018,291,07:33,33.420193,33.4165634414099,0.00362955859012715,
09/08/2018,292,07:37,34.041405,34.0384803948999,0.00292460510009818,
09/08/2018,293,07:48,35.731846,35.7295255176592,0.00232048234077098,
09/08/2018,294,07:56,37.03838,37.0358210653119,0.00255893468813184,
09/08/2018,295,08:03,38.16935,38.1674457570763,0.00190424292375013,
09/08/2018,296,08:07,38.858509,38.8564636357493,0.00204536425073343,
09/08/2018,297,08:18,40.714325,40.7123490175843,0.00197598241574326,
09/08/2018,298,08:22,41.427223,41.426135585021,0.00108741497901832,
09/08/2018,299,08:33,43.338089,43.337562153995,5.26846005023174E-4,
09/08/2018,300,08:37,44.074665,44.0740168953056,6.48104694448648E-4,
09/08/2018,301,08:48,46.035191,46.0348129269505,3.7807304951798E-4,
09/08/2018,302,08:56,47.487366,47.4877401433272,-3.74143327235288E-4,
09/08/2018,303,09:03,48.778065,48.7780972496406,-3.22496406255368E-5,
09/08/2018,304,09:20,51.801369,51.8017211267774,-3.52126777443118E-4,
09/08/2018,305,09:33,54.305489,54.3068809506443,-0.00139195064434716,
09/08/2018,306,09:44,56.483562,56.485272050823,-0.00171005082300724,
09/08/2018,307,09:58,59.143997,59.1465381526998,-0.00254115269976296,
09/08/2018,308,10:05,60.336044,60.3379384139711,-0.00189441397111523,
09/08/2018,309,10:15,62.387096,62.3902350813772,-0.0031390813771992,
09/08/2018,310,10:20,63.294792,63.2978457629194,-0.00305376291935033,
09/08/2018,311,10:43,67.704414,67.7085388614517,-0.00412486145172863,
09/08/2018,312,10:47,68.499924,68.5037329698056,-0.00380896980561829,
09/08/2018,313,10:52,69.3992,69.4031878816851,-0.00398788168514841,
09/08/2018,314,10:56,70.215363,70.2192258289454,-0.00386282894542944,
09/08/2018,315,11:01,71.074844,71.0787692794748,-0.0039252794748279,
09/08/2018,316,11:09,72.647423,72.6521103239591,-0.00468732395910365,
09/08/2018,317,11:15,73.711464,73.7163215998635,-0.00485759986347034,
09/08/2018,318,11:17,74.086273,74.091536096793,-0.00526309679300141,
09/08/2018,319,11:19,74.448952,74.4538316912739,-0.00487969127394194,
09/08/2018,320,11:22,75.052696,75.0579999041257,-0.00530390412573922,
09/08/2018,321,11:26,75.83181,75.836982656966,-0.00517265696601044,
09/08/2018,322,11:35,77.472092,77.4770758509945,-0.00498385099453458,
09/08/2018,323,11:39,78.344162,78.3498000445282,-0.00563804452815475,
09/08/2018,324,11:42,78.761185,78.7664547242723,-0.00526972427233829,
09/08/2018,325,11:48,79.929337,79.9348351269811,-0.00549812698113783,
09/08/2018,326,11:52,80.691704,80.6969293418661,-0.00522534186613655,
09/08/2018,327,11:56,81.428551,81.4345266994601,-0.00597569946005194,
09/08/2018,328,11:59,82.053284,82.0589924651435,-0.00570846514348489,
09/08/2018,329,23:41,81.020729,81.0185715311847,0.00215746881525547,
09/08/2018,330,23:45,80.269196,80.2674454715379,0.00175052846205404,
09/08/2018,331,23:49,79.531021,79.5290264643081,0.00199453569184982,
09/08/2018,332,23:51,79.174942,79.172847478504,0.00209452149603351,
09/08/2018,333,23:57,78.131424,78.1292108583628,0.0022131416371991,
10/08/2018,334,00:03,77.040314,77.0378141143773,0.00249988562269721,
10/08/2018,335,00:07,76.167023,76.1650302512279,0.00199274877205369,
10/08/2018,336,00:12,75.289207,75.2868873050806,0.0023196949193931,
10/08/2018,337,00:29,72.015411,72.0122063621867,0.00320463781326907,
10/08/2018,338,01:46,57.351105,57.3452745780369,0.0058304219630827,
10/08/2018,339,01:59,54.883934,54.8778283682463,0.00610563175369805,
10/08/2018,340,02:33,48.596825,48.5900699390221,0.00675506097788769,
10/08/2018,341,02:37,47.818001,47.8107541439942,0.0072468560058212,
10/08/2018,342,02:48,45.861126,45.8534687947618,0.00765720523820335,
10/08/2018,343,02:56,44.42157,44.4140504750112,0.00751952498877984,
10/08/2018,344,03:03,43.185886,43.1774110740189,0.0084749259811403,
10/08/2018,345,03:07,42.438293,42.4301889440107,0.00810405598926423,
10/08/2018,346,03:18,40.575375,40.5673696962168,0.00800530378315756,
10/08/2018,347,03:33,38.052856,38.0440421627894,0.0088138372105746,
10/08/2018,348,04:13,31.892204,31.8829305919796,0.00927340802044085,
10/08/2018,349,04:18,31.243721,31.2343368080128,0.00938419198716645,
10/08/2018,350,04:22,30.681255,30.6714528340407,0.00980216595927885,
10/08/2018,351,04:33,29.338024,29.3280288044958,0.00999519550417105,
10/08/2018,352,04:37,28.840767,28.8314454872015,0.00932151279852889,
10/08/2018,353,04:48,27.680065,27.6709551745614,0.00910982543857131,
10/08/2018,354,04:56,26.896629,26.8868873737788,0.00974162622120289,
10/08/2018,355,05:22,25.105278,25.0964797584933,0.00879824150666764,
10/08/2018,356,05:48,24.521362,24.5130232667982,0.00833873320178569,
10/08/2018,357,05:56,24.60247,24.5949914020177,0.00747859798227424,
10/08/2018,358,06:19,25.471649,25.4651858568676,0.00646314313237895,
10/08/2018,359,06:32,26.42704,26.4205391798922,0.00650082010782782,
10/08/2018,360,06:34,26.586475,26.5804285375802,0.00604646241980333,
10/08/2018,361,06:48,27.893856,27.887991764223,0.0058642357769827,
10/08/2018,362,06:56,28.783997,28.7789609479934,0.00503605200656665,
10/08/2018,363,07:03,29.580341,29.5758383315858,0.00450266841420088,
10/08/2018,364,07:07,30.104382,30.0999326056335,0.00444939436653868,
10/08/2018,365,07:18,31.515465,31.5112614922928,0.00420350770715316,
10/08/2018,366,07:22,32.102562,32.0984503631613,0.00411163683874349,
10/08/2018,367,07:33,33.653111,33.6493726054705,0.00373839452948488,
10/08/2018,368,07:37,34.289051,34.2862579404458,0.0027930595542216,
10/08/2018,369,07:48,35.955353,35.9529517756331,0.00240122436687784,
10/08/2018,370,07:56,37.273327,37.2708675741565,0.00245942584352576,
10/08/2018,371,08:03,38.382015,38.3797943605317,0.00222063946826268,
10/08/2018,372,08:07,39.091171,39.089062149981,0.00210885001901318,
10/08/2018,373,08:18,40.921978,40.9202281322384,0.00174986776163877,
10/08/2018,374,08:33,43.542801,43.5422266441843,5.74355815679439E-4,
10/08/2018,375,08:37,44.295498,44.2950196902508,4.78309749219363E-4,
10/08/2018,376,08:48,46.231464,46.2313437244755,1.20275524473357E-4,
10/08/2018,377,08:56,47.678509,47.6788556471811,-3.46647181132198E-4,
10/08/2018,378,09:03,48.970364,48.9703846533648,-2.06533647642004E-5,
10/08/2018,379,09:18,51.752632,51.7537515363299,-0.00111953632994499,
10/08/2018,380,09:22,52.547581,52.5484835735969,-9.02573596860634E-4,
10/08/2018,381,09:32,54.319214,54.3204827919928,-0.00126879199280694,
10/08/2018,382,09:43,56.501286,56.5026777121205,-0.00139171212049405,
10/08/2018,383,09:57,59.159538,59.1617839934326,-0.00224599343259513,
10/08/2018,384,10:04,60.343388,60.3461452462621,-0.00275724626209239,
10/08/2018,385,10:15,62.594803,62.5981817067565,-0.00337870675649299,
10/08/2018,386,10:20,63.457973,63.4610824728242,-0.0031094728241996,
10/08/2018,387,10:29,65.267059,65.2703175067417,-0.00325850674165906,
10/08/2018,388,10:32,65.731705,65.7353791198594,-0.00367411985936883,
10/08/2018,389,11:16,74.191872,74.19714292053,-0.00527092052999478,
10/08/2018,390,11:22,75.259697,75.2649322005299,-0.00523520052986726,
10/08/2018,391,11:25,75.838249,75.8433079044526,-0.00505890445261059,
10/08/2018,392,23:57,78.334564,78.3327644826245,0.00179951737551676,
11/08/2018,393,01:45,57.689137,57.683351383534,0.00578561646604214,
11/08/2018,394,01:59,55.040501,55.0346480537755,0.0058529462245076,
11/08/2018,395,02:05,53.921932,53.9159261783533,0.00600582164674535,
11/08/2018,396,02:16,51.855827,51.8494850859265,0.00634191407350215,
11/08/2018,397,02:18,51.496574,51.4896307901614,0.00694320983856755,
11/08/2018,398,02:33,48.783245,48.776183336239,0.00706166376102146,
11/08/2018,399,02:37,47.981205,47.9737438165647,0.00746118343528934,
11/08/2018,400,02:48,46.051762,46.0442584831983,0.00750351680166261,
11/08/2018,401,02:56,44.623901,44.6166431085528,0.00725789144721034,
11/08/2018,402,03:03,43.382179,43.3738537572366,0.00832524276343349,
11/08/2018,403,03:07,42.612999,42.605134782133,0.00786421786700231,
11/08/2018,404,03:18,40.778824,40.7705399991493,0.00828400085070768,
11/08/2018,405,03:22,40.033878,40.025495796983,0.00838220301702108,
11/08/2018,406,03:33,38.264168,38.2550750355828,0.00909296441724194,
11/08/2018,407,03:37,37.545692,37.5369024221952,0.00878957780475531,
11/08/2018,408,03:48,35.853168,35.8439711785369,0.00919682146311374,
11/08/2018,409,03:56,34.570827,34.5619190220885,0.00890797791146269,
11/08/2018,410,04:03,33.588314,33.5793960122927,0.00891798770724961,
11/08/2018,411,04:07,32.955593,32.946306096822,0.00928690317798697,
11/08/2018,412,04:18,31.485332,31.4757097989619,0.00962220103811973,
11/08/2018,413,04:22,30.90881,30.8988434167593,0.00996658324071475,
11/08/2018,414,04:41,28.632713,28.6232470880598,0.00946591194015767,
11/08/2018,415,04:48,27.945305,27.9360168112577,0.00928818874230686,
11/08/2018,416,04:56,27.156246,27.1464047419709,0.00984125802913738,
11/08/2018,417,05:03,26.603222,26.5935944336807,0.00962756631924933,
11/08/2018,418,05:07,26.274319,26.2644641894093,0.00985481059073123,
11/08/2018,419,05:18,25.607178,25.5975969463234,0.00958105367659456,
11/08/2018,420,05:22,25.387321,25.3787071170357,0.00861388296428345,
11/08/2018,421,05:33,25.000015,24.9915192648792,0.0084957351207855,
11/08/2018,422,05:37,24.902306,24.8937195020925,0.00858649790749055,
11/08/2018,423,05:48,24.815689,24.8073031787752,0.00838582122475628,
11/08/2018,424,05:56,24.898712,24.8912379137501,0.00747408624989632,
11/08/2018,425,06:03,25.059814,25.0517198237164,0.00809417628358844,
11/08/2018,426,06:07,25.210014,25.2030013023218,0.00701269767817791,
11/08/2018,427,06:18,25.719887,25.7133063250126,0.00658067498741843,
11/08/2018,428,06:22,25.987938,25.9812351834327,0.00670281656732641,
11/08/2018,429,06:33,26.768196,26.761889105237,0.00630689476300361,
11/08/2018,430,06:37,27.140942,27.1346789560281,0.00626304397191646,
11/08/2018,431,06:48,28.158695,28.152872233054,0.00582276694604644,
11/08/2018,432,06:56,29.061382,29.0563719869881,0.00501001301193682,
11/08/2018,433,07:03,29.837612,29.8331261309161,0.00448586908385806,
11/08/2018,434,07:07,30.375244,30.3707891201591,0.00445487984094584,
11/08/2018,435,07:18,31.761593,31.7575353011863,0.00405769881374951,
11/08/2018,436,07:22,32.364258,32.3602655529977,0.00399244700228962,
11/08/2018,437,07:33,33.891224,33.8876647599826,0.0035592400174238,
11/08/2018,438,07:48,36.18425,36.1818559262902,0.00239407370977318,
11/08/2018,439,08:03,38.602371,38.6003592418798,0.00201175812019017,
11/08/2018,440,08:12,40.095215,40.0930742032507,0.00214079674928058,
11/08/2018,441,08:18,41.132511,41.1306309124245,0.00188008757555025,
11/08/2018,442,08:22,41.88485,41.8841027344827,7.47265517325957E-4,
11/08/2018,443,08:49,46.59016,46.5899549586351,2.05041364885972E-4,
11/08/2018,444,08:57,48.049141,48.0487861878427,3.54812157262074E-4,
11/08/2018,445,09:03,49.164883,49.164768383697,1.14616303051207E-4,
11/08/2018,446,09:22,52.762611,52.7634440431199,-8.33043119882859E-4,
11/08/2018,447,10:18,63.311035,63.3139058298372,-0.00287082983722797,
11/08/2018,448,10:50,69.413658,69.4173595830504,-0.00370158305040036,
11/08/2018,449,11:50,80.704536,80.7102850764853,-0.00574907648528722,
11/08/2018,450,23:40,81.63063,81.6290151269831,0.00161487301687657,
11/08/2018,451,23:43,81.012543,81.0106296743342,0.00191332566578239,
11/08/2018,452,23:47,80.274857,80.2727255715391,0.00213142846092751,
11/08/2018,453,23:51,79.472557,79.4701897652295,0.00236723477050305,
11/08/2018,454,23:53,79.080925,79.0787749737922,0.0021500262078149,
12/08/2018,455,01:34,59.935814,59.9300976898502,0.00571631014977925,
12/08/2018,456,01:59,55.198971,55.1929198170004,0.00605118299963436,
12/08/2018,457,02:06,53.919582,53.9128702738848,0.00671172611514947,
12/08/2018,458,02:17,51.83268,51.8253611300305,0.00731886996952369,
12/08/2018,459,02:19,51.470329,51.46318160233,0.00714739766997496,
12/08/2018,460,02:33,48.973892,48.9670392224358,0.00685277756421243,
12/08/2018,461,02:37,48.145775,48.1385481141755,0.00722688582445841,
12/08/2018,462,02:48,46.244343,46.2368831943486,0.00745980565140769,
12/08/2018,463,02:56,44.813904,44.8063039359984,0.00760006400157209,
12/08/2018,464,03:03,43.580589,43.5722908288526,0.00829817114736642,
12/08/2018,465,03:48,36.076061,36.0665945110517,0.0094664889483056,
12/08/2018,466,03:56,34.776783,34.7676637396653,0.0091192603347281,
12/08/2018,467,04:03,33.819103,33.8099276055636,0.00917539443637594,
12/08/2018,468,04:07,33.165611,33.1564642797373,0.0091467202627129,
12/08/2018,469,04:18,31.731647,31.7222230980265,0.00942390197345944,
12/08/2018,470,04:22,31.141296,31.1315851589246,0.00971084107544939,
12/08/2018,471,04:33,29.847534,29.837474047543,0.0100599524570093,
12/08/2018,472,04:37,29.326923,29.3176852702131,0.00923772978691062,
12/08/2018,473,04:48,28.213814,28.2043653989137,0.00944860108630508,
12/08/2018,474,04:56,27.417728,27.4080707697399,0.00965723026007126,
12/08/2018,475,05:03,26.882553,26.8732255973355,0.00932740266445364,
12/08/2018,476,05:07,26.546028,26.5364798706764,0.00954812932358351,
12/08/2018,477,05:18,25.896301,25.8866980037032,0.00960299629679895,
12/08/2018,478,05:22,25.672668,25.6640072631465,0.00866073685351409,
12/08/2018,479,05:33,25.296539,25.2880366230031,0.00850237699694745,
12/08/2018,480,05:37,25.197098,25.1884824474277,0.00861555257226954,
12/08/2018,481,05:48,25.113937,25.1056621633813,0.00827483661866069,
12/08/2018,482,05:56,25.199066,25.1917143623976,0.00735163760239388,
12/08/2018,483,06:03,25.357262,25.3491705345571,0.00809146544293782,
12/08/2018,484,06:07,25.510864,25.5039007795926,0.00696322040736064,
12/08/2018,485,06:18,26.012611,26.005979453417,0.00663154658303,
12/08/2018,486,06:22,26.287128,26.2804909994857,0.0066370005143348,
12/08/2018,487,06:33,27.050339,27.0440679880306,0.00627101196938185,
12/08/2018,488,06:37,27.43335,27.4271123375778,0.00623766242224022,
12/08/2018,489,06:48,28.430466,28.4246274092397,0.0058385907603018,
12/08/2018,490,06:56,29.343742,29.3388258133139,0.0049161866860814,
12/08/2018,491,07:03,30.098076,30.0936930820146,0.0043829179853816,
12/08/2018,492,07:07,30.651131,30.6467815722938,0.00434942770619529,
12/08/2018,493,07:18,32.01313,32.009185298114,0.00394470188601304,
12/08/2018,494,07:22,32.631325,32.6273010508598,0.00402394914019055,
12/08/2018,495,07:33,34.130341,34.1264519274102,0.00388907258979998,
12/08/2018,496,07:37,34.802914,34.8002676933842,0.0026463066158513,
12/08/2018,497,07:48,36.413464,36.4109267832104,0.0025372167896407,
12/08/2018,498,08:03,38.82568,38.8235429374916,0.00213706250844581,
12/08/2018,499,08:07,39.575005,39.5729185121884,0.00208648781161003,
